name_file	total_RMSD_pml	heavy_RMSD_pml	light_RMSD_pml	REGION_pml
1BJ1_HL_VW_HH101Y	0.029	0.013	0.019	0.063
1BJ1_HL_VW_NH31H	0.025	0.010	0.010	0.024
1DQJ_AB_C_YB50A	0.108	0.074	0.029	0.045
1KIQ_AB_C_FB101Y	0.024	0.015	0.010	0.037
1MHP_HL_A_GH100M	0.046	0.011	0.016	0.204
1MHP_HL_A_GH53N	0.189	0.055	0.061	0.064
1MHP_HL_A_GH53S	0.182	0.050	0.041	0.075
1MHP_HL_A_GH54T	0.189	0.024	0.041	0.075
1MHP_HL_A_HL30K	0.181	0.040	0.044	0.072
1MHP_HL_A_HL30R	0.041	0.013	0.028	0.095
1MHP_HL_A_LL48K	0.169	0.017	0.037	0.012
1MHP_HL_A_LL48W	0.169	0.024	0.054	0.023
1MHP_HL_A_NL29Y	0.028	0.021	0.025	0.029
1MHP_HL_A_NL51D	0.183	0.025	0.048	0.063
1MHP_HL_A_SH35Q	0.033	0.022	0.016	0.042
1MHP_HL_A_SH52M	0.019	0.016	0.011	0.032
1MHP_HL_A_SL90R	0.149	0.028	0.047	0.501
1MHP_HL_A_SL90T	0.161	0.026	0.038	0.448
1MHP_HL_A_TH33N	0.151	0.038	0.039	0.080
1MHP_HL_A_WL89Q	0.343	0.054	0.091	0.521
1MHP_HL_A_YH58E	0.175	0.031	0.036	0.023
1MHP_HL_A_YH58Q	0.182	0.027	0.039	0.024
1MLC_AB_E_NA32G	0.152	0.062	0.106	0.693
1MLC_AB_E_TB58D	0.016	0.016	0.009	0.025
1NMB_N_LH_DH57E	0.110	0.027	0.030	0.066
1NMB_N_LH_DH57N	0.026	0.013	0.022	0.037
1VFB_AB_C_LA46D	0.187	0.074	0.109	0.093
1VFB_AB_C_LA46E	0.096	0.073	0.116	0.093
1VFB_AB_C_TA53R	0.027	0.016	0.023	0.077
1VFB_AB_C_YA32W	0.096	0.056	0.062	0.046
1VFB_AB_C_YA50K	0.074	0.064	0.076	0.047
1VFB_AB_C_YB32E	0.186	0.099	0.099	0.208
1XGP_AB_C_AB33F	0.054	0.059	0.042	0.121
1XGP_AB_C_AB33I	0.156	0.076	0.080	0.262
1XGQ_AB_C_VB33F	0.141	0.079	0.052	0.218
1XGU_AB_C_FB33I	0.149	0.050	0.064	0.115
1XGU_AB_C_FB33V	0.144	0.055	0.065	0.102
1YY9_CD_A_AD98P	0.054	0.050	0.047	0.086
1YY9_CD_A_GD54P	0.016	0.011	0.006	0.085
1YY9_CD_A_SD53P	0.087	0.053	0.050	0.072
1YY9_CD_A_TC96P	0.065	0.037	0.048	0.136
1YY9_CD_A_WD52P	0.035	0.035	0.012	0.288
1YY9_CD_A_YD101P	0.051	0.044	0.043	0.074
2BDN_HL_A_NL31K	0.119	0.082	0.099	0.079
2BDN_HL_A_NL31R	0.136	0.089	0.096	0.073
2BDN_HL_A_TL56D	0.120	0.058	0.068	0.104
3BN9_B_CD_PD104H	0.189	0.098	0.065	4.052
3BN9_B_CD_QD105V	0.038	0.023	0.038	2.919
3BN9_B_CD_SD30G	0.230	0.076	0.068	0.061
3HFM_HL_Y_NL31D	0.021	0.017	0.013	0.014
3HFM_HL_Y_NL31E	0.027	0.017	0.021	0.018
3HFM_HL_Y_WH98F	0.026	0.020	0.016	0.056
3HFM_HL_Y_YH33W	0.077	0.038	0.024	0.067
3HFM_HL_Y_YH50A	0.166	0.083	0.080	0.044
3HFM_HL_Y_YH50L	0.179	0.052	0.025	0.038
3HFM_HL_Y_YL50L	0.041	0.018	0.021	0.030
3N85_A_LH_SH50G	0.294	0.103	0.087	0.067
3NGB_HL_G_AH57G	0.214	0.056	0.030	0.023
3NGB_HL_G_GH55S	0.136	0.067	0.033	0.157
4I77_HL_Z_WH52F	0.153	0.082	0.118	0.027
